-- --------------------------------------------------------
-- Host:                         127.0.0.1
-- Server version:               5.7.19 - MySQL Community Server (GPL)
-- Server OS:                    Win32
-- HeidiSQL Version:             9.5.0.5196
-- --------------------------------------------------------

/*!40101 SET @OLD_CHARACTER_SET_CLIENT=@@CHARACTER_SET_CLIENT */;
/*!40101 SET NAMES utf8 */;
/*!50503 SET NAMES utf8mb4 */;
/*!40014 SET @OLD_FOREIGN_KEY_CHECKS=@@FOREIGN_KEY_CHECKS, FOREIGN_KEY_CHECKS=0 */;
/*!40101 SET @OLD_SQL_MODE=@@SQL_MODE, SQL_MODE='NO_AUTO_VALUE_ON_ZERO' */;


-- Dumping database structure for healthinsurance
CREATE DATABASE IF NOT EXISTS `healthinsurance` /*!40100 DEFAULT CHARACTER SET latin1 */;
USE `healthinsurance`;

-- Dumping structure for table healthinsurance.citymaster
CREATE TABLE IF NOT EXISTS `citymaster` (
  `cityname` varchar(50) DEFAULT NULL,
  `citycode` varchar(50) NOT NULL,
  `statec` varchar(50) DEFAULT NULL,
  PRIMARY KEY (`citycode`),
  KEY `FK_citymaster_statemaster` (`statec`),
  CONSTRAINT `FK_citymaster_statemaster` FOREIGN KEY (`statec`) REFERENCES `statemaster` (`statecode`)
) ENGINE=InnoDB DEFAULT CHARSET=latin1;

-- Dumping data for table healthinsurance.citymaster: ~1,499 rows (approximately)
/*!40000 ALTER TABLE `citymaster` DISABLE KEYS */;
INSERT INTO `citymaster` (`cityname`, `citycode`, `statec`) VALUES
	('Afzalpur', 'c10', 'st12'),
	('Baripada Town', 'c100', 'st20'),
	('Ranavav', 'c1000', 'st07'),
	('Ranbennur', 'c1001', 'st12'),
	('Ranchi', 'c1002', 'st11'),
	('Ranebennuru', 'c1003', 'st12'),
	('Ranga Reddy', 'c1004', 'st01'),
	('Rangareddy', 'c1005', 'st01'),
	('Rangia', 'c1006', 'st03'),
	('Rania', 'c1007', 'st08'),
	('Ranibennur', 'c1008', 'st12'),
	('RANIPAT', 'c1009', 'st08'),
	('Barmer', 'c101', 'st22'),
	('Ranipet', 'c1010', 'st24'),
	('Rapar', 'c1011', 'st07'),
	('Rasipuram', 'c1012', 'st24'),
	('Rasra', 'c1013', 'st27'),
	('Ratangarh', 'c1014', 'st22'),
	('Rath', 'c1015', 'st27'),
	('Ratia', 'c1016', 'st08'),
	('Ratlam', 'c1017', 'st14'),
	('Ratnagiri', 'c1018', 'st15'),
	('Rau', 'c1019', 'st14'),
	('Barnala', 'c102', 'st21'),
	('Raurkela', 'c1020', 'st20'),
	('Raver', 'c1021', 'st15'),
	('Rawatbhata', 'c1022', 'st22'),
	('Rawatsar', 'c1023', 'st22'),
	('Raxaul Bazar', 'c1024', 'st04'),
	('Rayachoti', 'c1025', 'st01'),
	('Rayadurg', 'c1026', 'st01'),
	('Rayagada', 'c1027', 'st20'),
	('Reengus', 'c1028', 'st22'),
	('Rehli', 'c1029', 'st14'),
	('Baroda', 'c103', 'st07'),
	('Renigunta', 'c1030', 'st01'),
	('Renukoot', 'c1031', 'st27'),
	('Reoti', 'c1032', 'st27'),
	('Repalle', 'c1033', 'st01'),
	('Revelganj', 'c1034', 'st04'),
	('Rewa', 'c1035', 'st14'),
	('Rewari', 'c1036', 'st08'),
	('Rishikesh', 'c1037', 'st28'),
	('Risod', 'c1038', 'st15'),
	('Robertsganj', 'c1039', 'st27'),
	('Barpeta', 'c104', 'st03'),
	('Robertson Pet', 'c1040', 'st12'),
	('Rohtak', 'c1041', 'st08'),
	('Ron', 'c1042', 'st12'),
	('Roorkee', 'c1043', 'st28'),
	('Ropar', 'c1044', 'st21'),
	('Rosera', 'c1045', 'st04'),
	('Rourkela', 'c1046', 'st20'),
	('Rudauli', 'c1047', 'st27'),
	('Rudrapur', 'c1048', 'st27'),
	('Rupnagar', 'c1049', 'st21'),
	('Batala', 'c105', 'st21'),
	('Sabalgarh', 'c1050', 'st14'),
	('Sadabad', 'c1051', 'st27'),
	('Sadalagi', 'c1052', 'st12'),
	('Sadasivpet', 'c1053', 'st25'),
	('Sadri', 'c1054', 'st22'),
	('Sadulpur', 'c1055', 'st22'),
	('Sadulshahar', 'c1056', 'st22'),
	('Safidon', 'c1057', 'st08'),
	('Safipur', 'c1058', 'st27'),
	('Sagar', 'c1059', 'st14'),
	('Bathinda', 'c106', 'st21'),
	('Sagara', 'c1060', 'st12'),
	('Sagwara', 'c1061', 'st22'),
	('Saharanpur', 'c1062', 'st27'),
	('Saharsa', 'c1063', 'st04'),
	('Sahaspur', 'c1064', 'st27'),
	('Sahaswan', 'c1065', 'st27'),
	('Sahawar', 'c1066', 'st27'),
	('Sahibganj', 'c1067', 'st11'),
	('Sahjanwa', 'c1068', 'st27'),
	('Saidpur', 'c1069', 'st27'),
	('Beed', 'c107', 'st15'),
	('Saiha', 'c1070', 'st18'),
	('Sailu', 'c1071', 'st15'),
	('Sainthia', 'c1072', 'st29'),
	('Sakaleshapura', 'c1073', 'st12'),
	('Sakti', 'c1074', 'st05'),
	('Salaya', 'c1075', 'st07'),
	('Salcete', 'c1076', 'st06'),
	('Salem', 'c1077', 'st24'),
	('Salur', 'c1078', 'st01'),
	('Samalkha', 'c1079', 'st08'),
	('Begusarai', 'c108', 'st04'),
	('Samalkot', 'c1080', 'st01'),
	('Samana', 'c1081', 'st21'),
	('Samastipur', 'c1082', 'st04'),
	('Sambalpur', 'c1083', 'st20'),
	('Sambhal', 'c1084', 'st27'),
	('Sambhar', 'c1085', 'st22'),
	('Samdhan', 'c1086', 'st27'),
	('Samthar', 'c1087', 'st27'),
	('Sanand', 'c1088', 'st07'),
	('Sanawad', 'c1089', 'st14'),
	('Belagavi', 'c109', 'st12'),
	('Sanchore', 'c1090', 'st22'),
	('Sandi', 'c1091', 'st27'),
	('Sandila', 'c1092', 'st27'),
	('Sanduru', 'c1093', 'st12'),
	('Sangamner', 'c1094', 'st15'),
	('Sangareddy', 'c1095', 'st25'),
	('Sangaria', 'c1096', 'st22'),
	('Sangli', 'c1097', 'st15'),
	('Sangole', 'c1098', 'st15'),
	('Sangrur', 'c1099', 'st21'),
	('Agartala', 'c11', 'st26'),
	('Belgaum', 'c110', 'st12'),
	('Sankarankovil', 'c1100', 'st24'),
	('Sankari', 'c1101', 'st24'),
	('Sankeshwara', 'c1102', 'st12'),
	('Santipur', 'c1103', 'st29'),
	('Sarangpur', 'c1104', 'st14'),
	('Sardarshahar', 'c1105', 'st22'),
	('Sardhana', 'c1106', 'st27'),
	('Sarni', 'c1107', 'st14'),
	('Sarsod', 'c1108', 'st08'),
	('Sasaram', 'c1109', 'st04'),
	('Bellampalle', 'c111', 'st25'),
	('Sasvad', 'c1110', 'st15'),
	('Satana', 'c1111', 'st15'),
	('Satara', 'c1112', 'st15'),
	('Sathyamangalam', 'c1113', 'st24'),
	('Satna', 'c1114', 'st14'),
	('Sattenapalle', 'c1115', 'st01'),
	('Sattur', 'c1116', 'st24'),
	('Saunda', 'c1117', 'st11'),
	('Saundatti', 'c1118', 'st12'),
	('Saundatti-Yellamma', 'c1119', 'st12'),
	('Bellary', 'c112', 'st12'),
	('Sausar', 'c1120', 'st14'),
	('Savanur', 'c1121', 'st12'),
	('Savarkundla', 'c1122', 'st07'),
	('Savner', 'c1123', 'st15'),
	('Sawai Madhopur', 'c1124', 'st22'),
	('Sawantwadi', 'c1125', 'st15'),
	('SCHEME', 'c1126', 'st14'),
	('Secunderabad', 'c1127', 'st01'),
	('Sedam', 'c1128', 'st12'),
	('Sehore', 'c1129', 'st14'),
	('Belonia', 'c113', 'st26'),
	('Sekhpur', 'c1130', 'st27'),
	('Sendhwa', 'c1131', 'st14'),
	('Seohara', 'c1132', 'st27'),
	('Seoni', 'c1133', 'st14'),
	('Seoni-Malwa', 'c1134', 'st14'),
	('Serampore', 'c1135', 'st29'),
	('Shahabad', 'c1136', 'st12'),
	('Shahabad Hardoi', 'c1137', 'st27'),
	('ShahabadRampur', 'c1138', 'st27'),
	('Shahade', 'c1139', 'st15'),
	('Belthangady', 'c114', 'st12'),
	('Shahbad', 'c1140', 'st08'),
	('Shahdol', 'c1141', 'st14'),
	('Shahganj', 'c1142', 'st27'),
	('Shahjahanpur', 'c1143', 'st27'),
	('Shahpur', 'c1144', 'st12'),
	('Shahpura', 'c1145', 'st22'),
	('Shajapur', 'c1146', 'st14'),
	('SHAJHANPUR', 'c1147', 'st22'),
	('Shamgarh', 'c1148', 'st14'),
	('Shamli', 'c1149', 'st27'),
	('Bengaluru', 'c115', 'st12'),
	('Shamsabad Agra', 'c1150', 'st27'),
	('Shamsabad Farrukhabad', 'c1151', 'st27'),
	('Shamshabad', 'c1152', 'st01'),
	('SHASTRI NAGAR', 'c1153', 'st24'),
	('Shegaon', 'c1154', 'st15'),
	('Sheikhpura', 'c1155', 'st04'),
	('Shendurjana', 'c1156', 'st15'),
	('Shenkottai', 'c1157', 'st24'),
	('Sheoganj', 'c1158', 'st22'),
	('Sheohar', 'c1159', 'st04'),
	('BERHAMAPUR', 'c116', 'st20'),
	('Sheopur', 'c1160', 'st14'),
	('Sherghati', 'c1161', 'st04'),
	('Sherkot', 'c1162', 'st27'),
	('Shiggaon', 'c1163', 'st12'),
	('Shiilong', 'c1164', 'st03'),
	('Shikaripur', 'c1165', 'st12'),
	('Shikarpur Bulandshahr', 'c1166', 'st27'),
	('Shikohabad', 'c1167', 'st27'),
	('Shillong', 'c1168', 'st17'),
	('Shimla', 'c1169', 'st09'),
	('Bettiah', 'c117', 'st04'),
	('Shimoga', 'c1170', 'st12'),
	('Shirdi', 'c1171', 'st15'),
	('Shirpur-Warwade', 'c1172', 'st15'),
	('Shirur', 'c1173', 'st15'),
	('Shishgarh', 'c1174', 'st27'),
	('Shivamogga', 'c1175', 'st12'),
	('Shivpuri', 'c1176', 'st14'),
	('Sholavandan', 'c1177', 'st24'),
	('Sholingur', 'c1178', 'st24'),
	('Shoranur', 'c1179', 'st13'),
	('BhabUrban Agglomeration', 'c118', 'st04'),
	('Shrigonda', 'c1180', 'st15'),
	('Shrirampur', 'c1181', 'st15'),
	('Shrirangapattana', 'c1182', 'st12'),
	('Shujalpur', 'c1183', 'st14'),
	('Siana', 'c1184', 'st27'),
	('Sibsagar', 'c1185', 'st03'),
	('Siddipet', 'c1186', 'st25'),
	('Sidhi', 'c1187', 'st14'),
	('Sidhpur', 'c1188', 'st07'),
	('Sidlaghatta', 'c1189', 'st12'),
	('Bhadohi', 'c119', 'st27'),
	('Sihor', 'c1190', 'st07'),
	('Sihora', 'c1191', 'st14'),
	('Sikanderpur', 'c1192', 'st27'),
	('Sikandra Rao', 'c1193', 'st27'),
	('Sikandrabad', 'c1194', 'st27'),
	('Sikar', 'c1195', 'st22'),
	('Silao', 'c1196', 'st04'),
	('Silapathar', 'c1197', 'st03'),
	('Silchar', 'c1198', 'st03'),
	('Siliguri', 'c1199', 'st29'),
	('Agra', 'c12', 'st27'),
	('Bhadrachalam', 'c120', 'st25'),
	('Sillod', 'c1200', 'st15'),
	('Silvassa', 'c1201', 'un03'),
	('Simdega', 'c1202', 'st11'),
	('Sindagi', 'c1203', 'st12'),
	('Sindhagi', 'c1204', 'st12'),
	('Sindhnur', 'c1205', 'st12'),
	('Sindhudurga', 'c1206', 'st15'),
	('Singrauli', 'c1207', 'st14'),
	('Sinnar', 'c1208', 'st15'),
	('Sira', 'c1209', 'st12'),
	('Bhadrak', 'c121', 'st20'),
	('Sircilla', 'c1210', 'st25'),
	('Sirhind Fatehgarh Sahib', 'c1211', 'st21'),
	('Sirkali', 'c1212', 'st24'),
	('Sirohi', 'c1213', 'st22'),
	('Sironj', 'c1214', 'st14'),
	('Sirsa', 'c1215', 'st08'),
	('Sirsaganj', 'c1216', 'st27'),
	('Sirsi', 'c1217', 'st12'),
	('Siruguppa', 'c1218', 'st12'),
	('Sirumugai', 'c1219', 'st24'),
	('Bhadravathi', 'c122', 'st12'),
	('Sitamarhi', 'c1220', 'st04'),
	('Sitapur', 'c1221', 'st27'),
	('Sitarganj', 'c1222', 'st28'),
	('Sivaganga', 'c1223', 'st24'),
	('Sivagangai', 'c1224', 'st24'),
	('Sivagiri', 'c1225', 'st24'),
	('Sivakasi', 'c1226', 'st24'),
	('SIVASAGAR', 'c1227', 'st03'),
	('SIVSAGAR', 'c1228', 'st03'),
	('Siwan', 'c1229', 'st04'),
	('Bhagalpur', 'c123', 'st04'),
	('Sohagpur', 'c1230', 'st14'),
	('Sohna', 'c1231', 'st08'),
	('Sojat', 'c1232', 'st22'),
	('Solan', 'c1233', 'st09'),
	('Solapur', 'c1234', 'st15'),
	('Somajiguda', 'c1235', 'st01'),
	('Sonamukhi', 'c1236', 'st29'),
	('Sonebhadra', 'c1237', 'st27'),
	('Sonepat', 'c1238', 'st08'),
	('Sonepur', 'c1239', 'st04'),
	('Bhainsa', 'c124', 'st25'),
	('Songadh', 'c1240', 'st07'),
	('Sonipat', 'c1241', 'st08'),
	('Sonitpur', 'c1242', 'st03'),
	('Sopore', 'c1243', 'st10'),
	('Soro', 'c1244', 'st20'),
	('Soron', 'c1245', 'st27'),
	('Soyagaon', 'c1246', 'st15'),
	('Sri Madhopur', 'c1247', 'st22'),
	('Sri Rampura', 'c1248', 'st12'),
	('Sriganganagar', 'c1249', 'st22'),
	('Bhandara', 'c125', 'st15'),
	('Srikakulam', 'c1250', 'st01'),
	('Srikalahasti', 'c1251', 'st01'),
	('Srinagar', 'c1252', 'st10'),
	('Srinivaspur', 'c1253', 'st12'),
	('Sriperumbadur', 'c1254', 'st24'),
	('Srirampore', 'c1255', 'st29'),
	('Srisailam Project (Right Flank Colony) Township', 'c1256', 'st01'),
	('Srivilliputhur', 'c1257', 'st24'),
	('Sugauli', 'c1258', 'st04'),
	('Sujangarh', 'c1259', 'st22'),
	('Bharatpur', 'c126', 'st22'),
	('Sujanpur', 'c1260', 'st21'),
	('Sullia', 'c1261', 'st12'),
	('Sullurpeta', 'c1262', 'st01'),
	('Sultanganj', 'c1263', 'st04'),
	('Sultanpur', 'c1264', 'st27'),
	('Sumerpur', 'c1265', 'st22'),
	('Sunabeda', 'c1266', 'st20'),
	('Sunam', 'c1267', 'st21'),
	('Sundargarh', 'c1268', 'st20'),
	('Sundarnagar', 'c1269', 'st09'),
	('Bharuch', 'c127', 'st07'),
	('Supaul', 'c1270', 'st04'),
	('Surandai', 'c1271', 'st24'),
	('Surapura', 'c1272', 'st12'),
	('Surat', 'c1273', 'st07'),
	('Suratgarh', 'c1274', 'st22'),
	('SUrban Agglomerationr', 'c1275', 'st27'),
	('Surendranagar', 'c1276', 'st07'),
	('Suri', 'c1277', 'st29'),
	('Suriyampalayam', 'c1278', 'st24'),
	('Suryapet', 'c1279', 'st25'),
	('Bhatapara', 'c128', 'st05'),
	('Tadepalligudam', 'c1280', 'st01'),
	('Tadepalligudem', 'c1281', 'st01'),
	('Tadpatri', 'c1282', 'st01'),
	('Takhatgarh', 'c1283', 'st22'),
	('Taki', 'c1284', 'st29'),
	('Talaja', 'c1285', 'st07'),
	('Talcher', 'c1286', 'st20'),
	('Talegaon Dabhade', 'c1287', 'st15'),
	('Talikota', 'c1288', 'st12'),
	('Taliparamba', 'c1289', 'st13'),
	('Bhatinda', 'c129', 'st21'),
	('Talode', 'c1290', 'st15'),
	('Talwara', 'c1291', 'st21'),
	('Tamluk', 'c1292', 'st29'),
	('Tanda', 'c1293', 'st27'),
	('Tandur', 'c1294', 'st25'),
	('Tanjore', 'c1295', 'st24'),
	('Tanuku', 'c1296', 'st01'),
	('Tarakeswar', 'c1297', 'st29'),
	('Tarana', 'c1298', 'st14'),
	('Taranagar', 'c1299', 'st22'),
	('Ahmedabad', 'c13', 'st07'),
	('Bhavnagar', 'c130', 'st07'),
	('Taraori', 'c1300', 'st08'),
	('Tarbha', 'c1301', 'st20'),
	('Tardeo', 'c1302', 'st15'),
	('Tarikere', 'c1303', 'st12'),
	('Tarn Taran', 'c1304', 'st21'),
	('Tasgaon', 'c1305', 'st15'),
	('Tehri', 'c1306', 'st28'),
	('Tekkalakote', 'c1307', 'st12'),
	('Tenali', 'c1308', 'st01'),
	('Tenkasi', 'c1309', 'st24'),
	('Bhawanipatna', 'c131', 'st20'),
	('Tenu dam-cum-Kathhara', 'c1310', 'st11'),
	('Terdal', 'c1311', 'st12'),
	('Tezpur', 'c1312', 'st03'),
	('Thakurdwara', 'c1313', 'st27'),
	('Thalayolaparang', 'c1314', 'st13'),
	('Thammampatti', 'c1315', 'st24'),
	('Thana Bhawan', 'c1316', 'st27'),
	('Thane', 'c1317', 'st15'),
	('THANE WEST', 'c1318', 'st15'),
	('Thanesar', 'c1319', 'st08'),
	('Bheemunipatnam', 'c132', 'st01'),
	('Thangadh', 'c1320', 'st07'),
	('Thanjavur', 'c1321', 'st24'),
	('Tharad', 'c1322', 'st07'),
	('Tharamangalam', 'c1323', 'st24'),
	('Tharangambadi', 'c1324', 'st24'),
	('Theni', 'c1325', 'st24'),
	('Theni Allinagaram', 'c1326', 'st24'),
	('Thiptur', 'c1327', 'st12'),
	('Thirthahalli', 'c1328', 'st12'),
	('Thirumangalam', 'c1329', 'st24'),
	('Bhilai', 'c133', 'st05'),
	('Thirupuvanam', 'c1330', 'st24'),
	('Thiruthangal', 'c1331', 'st24'),
	('Thiruthuraipoondi', 'c1332', 'st24'),
	('Thiruvalla', 'c1333', 'st13'),
	('Thiruvallur', 'c1334', 'st24'),
	('Thiruvananthapuram', 'c1335', 'st13'),
	('Thiruvarur', 'c1336', 'st24'),
	('Thodupuzha', 'c1337', 'st13'),
	('Thoubal', 'c1338', 'st16'),
	('Thrissur', 'c1339', 'st13'),
	('Bhilai Nagar', 'c134', 'st05'),
	('Thuraiyur', 'c1340', 'st24'),
	('Tikamgarh', 'c1341', 'st14'),
	('Tilda Newra', 'c1342', 'st05'),
	('Tilhar', 'c1343', 'st27'),
	('Tindivanam', 'c1344', 'st24'),
	('Tinsukia', 'c1345', 'st03'),
	('Tiptur', 'c1346', 'st12'),
	('Tirora', 'c1347', 'st15'),
	('Tiruchendur', 'c1348', 'st24'),
	('Tiruchengode', 'c1349', 'st24'),
	('Bhilwara', 'c135', 'st22'),
	('Tiruchirapalli', 'c1350', 'st24'),
	('Tiruchirappalli', 'c1351', 'st24'),
	('Tirukalukundram', 'c1352', 'st24'),
	('Tirukkoyilur', 'c1353', 'st24'),
	('Tirunelveli', 'c1354', 'st24'),
	('Tirupathur', 'c1355', 'st24'),
	('Tirupati', 'c1356', 'st01'),
	('Tiruppathur', 'c1357', 'st24'),
	('Tiruppur', 'c1358', 'st24'),
	('TIRUPUR', 'c1359', 'st24'),
	('Bhimavaram', 'c136', 'st01'),
	('Tirur', 'c1360', 'st13'),
	('Tiruttani', 'c1361', 'st24'),
	('Tiruvalla', 'c1362', 'st13'),
	('Tiruvannamalai', 'c1363', 'st24'),
	('Tiruvethipuram', 'c1364', 'st24'),
	('Tiruvuru', 'c1365', 'st01'),
	('Tirwaganj', 'c1366', 'st27'),
	('Titagarh', 'c1367', 'st29'),
	('Titlagarh', 'c1368', 'st20'),
	('Tittakudi', 'c1369', 'st24'),
	('Bhiwandi', 'c137', 'st15'),
	('Todabhim', 'c1370', 'st22'),
	('Todaraisingh', 'c1371', 'st22'),
	('Tohana', 'c1372', 'st08'),
	('Tonk', 'c1373', 'st22'),
	('Trichur', 'c1374', 'st13'),
	('Trichy', 'c1375', 'st24'),
	('Triuch', 'c1376', 'st24'),
	('Trivandrum', 'c1377', 'st13'),
	('Tuensang', 'c1378', 'st19'),
	('Tuljapur', 'c1379', 'st15'),
	('Bhiwani', 'c138', 'st08'),
	('Tulsipur', 'c1380', 'st27'),
	('Tumkur', 'c1381', 'st12'),
	('Tumsar', 'c1382', 'st15'),
	('Tundla', 'c1383', 'st27'),
	('Tuni', 'c1384', 'st01'),
	('Tura', 'c1385', 'st17'),
	('Tuticorin', 'c1386', 'st24'),
	('Uchgaon', 'c1387', 'st15'),
	('Udaipur', 'c1388', 'st22'),
	('Udaipurwati', 'c1389', 'st22'),
	('Bhongir', 'c139', 'st25'),
	('Udgir', 'c1390', 'st15'),
	('Udhagamandalam', 'c1391', 'st24'),
	('Udhampur', 'c1392', 'st10'),
	('Udumalaipettai', 'c1393', 'st24'),
	('Udupi', 'c1394', 'st12'),
	('Ujhani', 'c1395', 'st27'),
	('Ujjain', 'c1396', 'st14'),
	('Ujjire', 'c1397', 'st12'),
	('Ulhasnagar', 'c1398', 'st15'),
	('Umarga', 'c1399', 'st15'),
	('Ahmednagar', 'c14', 'st15'),
	('Bhopal', 'c140', 'st14'),
	('Umaria', 'c1400', 'st14'),
	('Umarkhed', 'c1401', 'st15'),
	('Umbergaon', 'c1402', 'st07'),
	('Umred', 'c1403', 'st15'),
	('Umreth', 'c1404', 'st07'),
	('Una', 'c1405', 'st07'),
	('Unjha', 'c1406', 'st07'),
	('Unnamalaikadai', 'c1407', 'st24'),
	('Unnao', 'c1408', 'st27'),
	('Upleta', 'c1409', 'st07'),
	('Bhubaneswar', 'c141', 'st20'),
	('Uran', 'c1410', 'st15'),
	('Uran Islampur', 'c1411', 'st15'),
	('Uravakonda', 'c1412', 'st01'),
	('Urmar Tanda', 'c1413', 'st21'),
	('Usilampatti', 'c1414', 'st24'),
	('Uthamapalayam', 'c1415', 'st24'),
	('Uthiramerur', 'c1416', 'st24'),
	('Utraula', 'c1417', 'st27'),
	('UTTARA KANNADA', 'c1418', 'st12'),
	('Uttarkannada', 'c1419', 'st12'),
	('Bhuj', 'c142', 'st07'),
	('Vadakkuvalliyur', 'c1420', 'st24'),
	('Vadalur', 'c1421', 'st24'),
	('Vadgaon Kasba', 'c1422', 'st15'),
	('Vadipatti', 'c1423', 'st24'),
	('Vadnagar', 'c1424', 'st07'),
	('Vadodara', 'c1425', 'st07'),
	('Vaijapur', 'c1426', 'st15'),
	('Vaikom', 'c1427', 'st13'),
	('VAISHALI', 'c1428', 'st27'),
	('Valapady', 'c1429', 'st24'),
	('Bidar', 'c143', 'st12'),
	('Valparai', 'c1430', 'st24'),
	('Valsad', 'c1431', 'st07'),
	('Vandavasi', 'c1432', 'st24'),
	('Vaniyambadi', 'c1433', 'st24'),
	('Vapi', 'c1434', 'st07'),
	('Varanasi', 'c1435', 'st27'),
	('Varkala', 'c1436', 'st13'),
	('Vasai-Virar', 'c1437', 'st15'),
	('Vasco', 'c1438', 'st06'),
	('Vatakara', 'c1439', 'st13'),
	('Bijapur', 'c144', 'st12'),
	('Vedaranyam', 'c1440', 'st24'),
	('Vellakoil', 'c1441', 'st24'),
	('Vellore', 'c1442', 'st24'),
	('Venkatagiri', 'c1443', 'st01'),
	('Veraval', 'c1444', 'st07'),
	('Vidisha', 'c1445', 'st14'),
	('Vijainagar Ajmer', 'c1446', 'st22'),
	('Vijapur', 'c1447', 'st07'),
	('Vijayanagar', 'c1448', 'st12'),
	('Vijayapura', 'c1449', 'st12'),
	('Bijnor', 'c145', 'st27'),
	('Vijayawada', 'c1450', 'st01'),
	('Vijaypur', 'c1451', 'st14'),
	('Vikarabad', 'c1452', 'st25'),
	('Vikramasingapuram', 'c1453', 'st24'),
	('Villupuram', 'c1454', 'st24'),
	('Viluppuram', 'c1455', 'st24'),
	('Vinukonda', 'c1456', 'st01'),
	('Virajpet', 'c1457', 'st12'),
	('Viramgam', 'c1458', 'st07'),
	('Virudhachalam', 'c1459', 'st24'),
	('Bikaner', 'c146', 'st22'),
	('Virudhunagar', 'c1460', 'st24'),
	('Visakhapatnam', 'c1461', 'st01'),
	('Visnagar', 'c1462', 'st07'),
	('Viswanatham', 'c1463', 'st24'),
	('Vita', 'c1464', 'st15'),
	('Vizag', 'c1465', 'st01'),
	('Vizianagaram', 'c1466', 'st01'),
	('Vrindavan', 'c1467', 'st27'),
	('Vyara', 'c1468', 'st07'),
	('Wadgaon Road', 'c1469', 'st15'),
	('Bilaspur', 'c147', 'st05'),
	('Wadhwan', 'c1470', 'st07'),
	('Wadi', 'c1471', 'st12'),
	('Wai', 'c1472', 'st15'),
	('Wanaparthy', 'c1473', 'st25'),
	('Wani', 'c1474', 'st15'),
	('Wankaner', 'c1475', 'st07'),
	('Wara Seoni', 'c1476', 'st14'),
	('Warangal', 'c1477', 'st25'),
	('Wardha', 'c1478', 'st15'),
	('Warhapur', 'c1479', 'st27'),
	('Bobbili', 'c148', 'st01'),
	('Warisaliganj', 'c1480', 'st04'),
	('Warora', 'c1481', 'st15'),
	('Warud', 'c1482', 'st15'),
	('Washim', 'c1483', 'st15'),
	('Wayanad', 'c1484', 'st13'),
	('Westgodavari', 'c1485', 'st01'),
	('Wokha', 'c1486', 'st19'),
	('Yadgir', 'c1487', 'st12'),
	('Yamunanagar', 'c1488', 'st08'),
	('Yanam', 'c1489', 'un06'),
	('Bodhan', 'c149', 'st25'),
	('Yavatmal', 'c1490', 'st15'),
	('Yawal', 'c1491', 'st15'),
	('Yellandu', 'c1492', 'st25'),
	('Yemmiganur', 'c1493', 'st01'),
	('Yerraguntla', 'c1494', 'st01'),
	('Yevla', 'c1495', 'st15'),
	('Zaidpur', 'c1496', 'st27'),
	('Zamania', 'c1497', 'st27'),
	('Zira', 'c1498', 'st21'),
	('Zirakpur', 'c1499', 'st21'),
	('Airoli', 'c15', 'st15'),
	('Bodinayakanur', 'c150', 'st24'),
	('Zunheboto', 'c1500', 'st19'),
	('Bokaro', 'c151', 'st11'),
	('Bokaro Steel City', 'c152', 'st11'),
	('Bolangir', 'c153', 'st20'),
	('Bongaigaon City', 'c154', 'st03'),
	('Brahmapur', 'c155', 'st20'),
	('Bulandshahr', 'c156', 'st27'),
	('Buldana', 'c157', 'st15'),
	('Burdwan', 'c158', 'st29'),
	('Buxar', 'c159', 'st04'),
	('Aizawl', 'c16', 'st18'),
	('Byasanagar', 'c160', 'st20'),
	('Calicut', 'c161', 'st13'),
	('Chaibasa', 'c162', 'st11'),
	('Chaitanyapuri', 'c163', 'st01'),
	('Chalakudy', 'c164', 'st13'),
	('Chanapatna', 'c165', 'st12'),
	('Chandanagar', 'c166', 'st01'),
	('Chandausi', 'c167', 'st27'),
	('Chandigarh', 'c168', 'un02'),
	('Chandrapur', 'c169', 'st15'),
	('Ajmer', 'c17', 'st22'),
	('Changanassery', 'c170', 'st13'),
	('Channarayapatna', 'c171', 'st12'),
	('Charkhi Dadri', 'c172', 'st08'),
	('Chatra', 'c173', 'st11'),
	('Chelakara', 'c174', 'st13'),
	('Chellakere', 'c175', 'st12'),
	('Chembur', 'c176', 'st15'),
	('Chengalpattu', 'c177', 'st24'),
	('Chennai', 'c178', 'st24'),
	('Cherthala', 'c179', 'st13'),
	('Akalkot', 'c18', 'st15'),
	('Chhapra', 'c180', 'st04'),
	('Chickmangalur', 'c181', 'st12'),
	('Chikkaballapur', 'c182', 'st12'),
	('Chikkamagaluru', 'c183', 'st12'),
	('Chilakaluripet', 'c184', 'st01'),
	('Chinchwad', 'c185', 'st15'),
	('Chinnamanur', 'c186', 'st24'),
	('Chirala', 'c187', 'st01'),
	('Chirkunda', 'c188', 'st11'),
	('Chirmiri', 'c189', 'st05'),
	('Akkayyapalem', 'c19', 'st01'),
	('Chitradurga', 'c190', 'st12'),
	('Chittoor', 'c191', 'st01'),
	('Chittorgarh', 'c192', 'st22'),
	('Chittur-Thathamangalam', 'c193', 'st13'),
	('Churu', 'c194', 'st22'),
	('Cochin', 'c195', 'st13'),
	('Coimbatore', 'c196', 'st24'),
	('Coonoor', 'c197', 'st24'),
	('Cuddalore', 'c198', 'st24'),
	('Cuttack', 'c199', 'st20'),
	('Achhnera', 'c2', 'st27'),
	('Akola', 'c20', 'st15'),
	('DADRI', 'c200', 'st08'),
	('Dahod', 'c201', 'st07'),
	('Dakshinakannada', 'c202', 'st12'),
	('Dalli-Rajhara', 'c203', 'st05'),
	('Daman', 'c204', 'st07'),
	('Dandeli', 'c205', 'st12'),
	('Darbhanga', 'c206', 'st04'),
	('Darjeeling', 'c207', 'st29'),
	('Darjiling', 'c208', 'st29'),
	('Davanagere', 'c209', 'st12'),
	('Akot', 'c21', 'st15'),
	('Davangere', 'c210', 'st12'),
	('Davsa', 'c211', 'st22'),
	('Deesa', 'c212', 'st07'),
	('Dehradun', 'c213', 'st28'),
	('Dehri-on-Sone', 'c214', 'st04'),
	('Delhi', 'c215', 'un07'),
	('Deoghar', 'c216', 'st11'),
	('Devakottai', 'c217', 'st24'),
	('Dewas', 'c218', 'st14'),
	('Dhamtari', 'c219', 'st05'),
	('Alappuzha', 'c22', 'st13'),
	('Dhanbad', 'c220', 'st11'),
	('Dharmanagar', 'c221', 'st26'),
	('Dharmapuri', 'c222', 'st24'),
	('Dharmavaram', 'c223', 'st01'),
	('Dharwad', 'c224', 'st12'),
	('Dhenkanal', 'c225', 'st20'),
	('Dhoraji', 'c226', 'st07'),
	('Dhubri', 'c227', 'st03'),
	('Dhule', 'c228', 'st15'),
	('Dhuri', 'c229', 'st21'),
	('Aligarh', 'c23', 'st27'),
	('Dibrugarh', 'c230', 'st03'),
	('Dilsukhnagar', 'c231', 'st01'),
	('Dimapur', 'c232', 'st19'),
	('Dindigul', 'c233', 'st24'),
	('Diphu', 'c234', 'st03'),
	('Doddaballapur', 'c235', 'st12'),
	('Dombivali(E)', 'c236', 'st15'),
	('Dumka', 'c237', 'st11'),
	('Dumraon', 'c238', 'st04'),
	('Durg', 'c239', 'st05'),
	('AlipurdUrbanAgglomerationr', 'c24', 'st29'),
	('Durgapur', 'c240', 'st29'),
	('DWARKA', 'c241', 'un07'),
	('Eastgodavari', 'c242', 'st01'),
	('Eluru', 'c243', 'st01'),
	('English Bazar', 'c244', 'st29'),
	('Ernakulam', 'c245', 'st13'),
	('Erode', 'c246', 'st24'),
	('Etawah', 'c247', 'st27'),
	('Ethamozhy', 'c248', 'st24'),
	('Faridabad', 'c249', 'st08'),
	('Alirajpur', 'c25', 'st14'),
	('Faridkot', 'c250', 'st21'),
	('Farooqnagar', 'c251', 'st25'),
	('Fatehabad', 'c252', 'st08'),
	('Fatehpur Sikri', 'c253', 'st27'),
	('Fazilka', 'c254', 'st21'),
	('Ferozepur', 'c255', 'st21'),
	('Firozabad', 'c256', 'st27'),
	('Firozpur', 'c257', 'st21'),
	('Firozpur Cantt.', 'c258', 'st21'),
	('Forbesganj', 'c259', 'st04'),
	('Allahabad', 'c26', 'st27'),
	('Gadag', 'c260', 'st12'),
	('Gadarwara', 'c261', 'st14'),
	('Gadwal', 'c262', 'st25'),
	('Gajuwaka', 'c263', 'st01'),
	('Ganchibouli', 'c264', 'st01'),
	('Gandhinagar', 'c265', 'st07'),
	('Gangapur', 'c266', 'st22'),
	('Gangarampur', 'c267', 'st29'),
	('Gangavathi', 'c268', 'st12'),
	('Ganjam', 'c269', 'st20'),
	('Alleppey', 'c27', 'st13'),
	('Ganjbasoda', 'c270', 'st14'),
	('Garia', 'c271', 'st29'),
	('Gaya', 'c272', 'st04'),
	('Gayathrinagar', 'c273', 'st12'),
	('Ghaziabad', 'c274', 'st27'),
	('Giridih', 'c275', 'st11'),
	('Girinagar', 'c276', 'st12'),
	('Goa', 'c277', 'st06'),
	('Goalpara', 'c278', 'st03'),
	('Gobichettipalayam', 'c279', 'st24'),
	('Aluva', 'c28', 'st13'),
	('Gobindgarh', 'c280', 'st21'),
	('Godhra', 'c281', 'st07'),
	('Gohana', 'c282', 'st08'),
	('Gokak', 'c283', 'st12'),
	('Gooty', 'c284', 'st01'),
	('Gopalapuram', 'c285', 'st24'),
	('Gopalganj', 'c286', 'st04'),
	('Gorakhpur', 'c287', 'st27'),
	('Gouribidanur', 'c288', 'st12'),
	('Gudivada', 'c289', 'st01'),
	('Alwar', 'c29', 'st22'),
	('Gudur', 'c290', 'st01'),
	('Gulbarga', 'c291', 'st12'),
	('Gumia', 'c292', 'st11'),
	('GUNDLUPET', 'c293', 'st12'),
	('Guntakal', 'c294', 'st01'),
	('Guntur', 'c295', 'st01'),
	('Gunturuvari Thota', 'c296', 'st01'),
	('Gurdaspur', 'c297', 'st21'),
	('Gurgaon', 'c298', 'st08'),
	('Guruvayoor', 'c299', 'st13'),
	('Adalaj', 'c3', 'st07'),
	('Amalapuram', 'c30', 'st01'),
	('Guwahati', 'c300', 'st03'),
	('Gwalior', 'c301', 'st14'),
	('Habra', 'c302', 'st29'),
	('Hajipur', 'c303', 'st04'),
	('Haldia', 'c304', 'st29'),
	('Haldwani', 'c305', 'st28'),
	('Haldwani-cum-Kathgodam', 'c306', 'st28'),
	('Hanamkonda', 'c307', 'st01'),
	('Hansi', 'c308', 'st08'),
	('Hapur', 'c309', 'st27'),
	('Amalner', 'c31', 'st15'),
	('Harapanahalli', 'c310', 'st12'),
	('Hardoi ', 'c311', 'st27'),
	('Hardwar', 'c312', 'st28'),
	('Hassan', 'c313', 'st12'),
	('Hazaribag', 'c314', 'st11'),
	('Hazaribagh', 'c315', 'st11'),
	('Himayatnagar', 'c316', 'st01'),
	('Hindupur', 'c317', 'st01'),
	('Hingoli', 'c318', 'st15'),
	('Hiriyur', 'c319', 'st12'),
	('Amaravathi Road', 'c32', 'st01'),
	('Hisar', 'c320', 'st08'),
	('Hissar', 'c321', 'st08'),
	('Hodal', 'c322', 'st08'),
	('Holalkere', 'c323', 'st12'),
	('Hooghly', 'c324', 'st29'),
	('Hoshangabad', 'c325', 'st14'),
	('Hoshiarpur', 'c326', 'st21'),
	('Hosur', 'c327', 'st24'),
	('Howrah', 'c328', 'st29'),
	('Hsr Layout', 'c329', 'st12'),
	('Ambala', 'c33', 'st08'),
	('Hubli', 'c330', 'st12'),
	('Hubli-Dharwad', 'c331', 'st12'),
	('Hugli-Chinsurah', 'c332', 'st29'),
	('Hyderabad', 'c333', 'st25'),
	('Ichalkaranji', 'c334', 'st15'),
	('Idukki', 'c335', 'st13'),
	('Imphal', 'c336', 'st16'),
	('Indore', 'c337', 'st14'),
	('Itarsi', 'c338', 'st14'),
	('Jabalpur', 'c339', 'st14'),
	('Ambejogai', 'c34', 'st15'),
	('Jagatpur', 'c340', 'st20'),
	('Jagatsinghapur', 'c341', 'st20'),
	('Jagdalpur', 'c342', 'st05'),
	('Jaggaiahpet', 'c343', 'st01'),
	('Jagraon', 'c344', 'st21'),
	('Jagtial', 'c345', 'st25'),
	('Jaipur', 'c346', 'st22'),
	('Jajapur', 'c347', 'st22'),
	('Jalandhar', 'c348', 'st21'),
	('Jalandhar Cantt.', 'c349', 'st21'),
	('Ambernath', 'c35', 'st15'),
	('Jalgaon', 'c350', 'st15'),
	('Jallandhar', 'c351', 'st21'),
	('Jalna', 'c352', 'st15'),
	('Jalpaiguri', 'c353', 'st29'),
	('Jamalpur', 'c354', 'st04'),
	('Jamkhed', 'c355', 'st15'),
	('Jammalamadugu', 'c356', 'st01'),
	('Jammu', 'c357', 'st10'),
	('Jamnagar', 'c358', 'st07'),
	('Jamshedpur', 'c359', 'st11'),
	('Ambikapur', 'c36', 'st05'),
	('Jamui', 'c360', 'st04'),
	('Jangaon', 'c361', 'st25'),
	('Jatani', 'c362', 'st20'),
	('Jayanagar', 'c363', 'st12'),
	('Jehanabad', 'c364', 'st04'),
	('Jhajjar', 'c365', 'st08'),
	('Jhalawar', 'c366', 'st22'),
	('Jhansi', 'c367', 'st27'),
	('Jhargram', 'c368', 'st29'),
	('Jharsuguda', 'c369', 'st20'),
	('Amraiwadi', 'c37', 'st07'),
	('Jhumri Tilaiya', 'c370', 'st11'),
	('Jind', 'c371', 'st08'),
	('Jodhpur', 'c372', 'st22'),
	('Jorhat', 'c373', 'st03'),
	('Junagadh', 'c374', 'st07'),
	('Kadapa', 'c375', 'st01'),
	('Kadi', 'c376', 'st07'),
	('Kadiri', 'c377', 'st01'),
	('Kadur', 'c378', 'st12'),
	('Kagaznagar', 'c379', 'st25'),
	('Amravati', 'c38', 'st15'),
	('Kailasahar', 'c380', 'st26'),
	('Kaithal', 'c381', 'st08'),
	('Kakinada', 'c382', 'st01'),
	('Kakkanad', 'c383', 'st13'),
	('Kalamboli', 'c384', 'st15'),
	('Kalimpong', 'c385', 'st29'),
	('Kalkaji', 'c386', 'un07'),
	('Kalladka', 'c387', 'st12'),
	('Kallambalam', 'c388', 'st13'),
	('Kalol', 'c389', 'st07'),
	('Amreli', 'c39', 'st07'),
	('Kalpi', 'c390', 'st27'),
	('Kalyan-Dombivali', 'c391', 'st15'),
	('Kalyani', 'c392', 'st29'),
	('Kamareddy', 'c393', 'st25'),
	('Kancheepuram', 'c394', 'st24'),
	('Kanchipuram', 'c395', 'st24'),
	('Kandivali', 'c396', 'st15'),
	('Kandukur', 'c397', 'st01'),
	('Kanhangad', 'c398', 'st13'),
	('Kannur', 'c399', 'st13'),
	('Adilabad', 'c4', 'st25'),
	('Amritsar', 'c40', 'st21'),
	('Kanpur', 'c400', 'st27'),
	('Kanyakumari', 'c401', 'st24'),
	('Kapadvanj', 'c402', 'st07'),
	('Kapurthala', 'c403', 'st21'),
	('Karad', 'c404', 'st15'),
	('Karaikal', 'c405', 'un06'),
	('Karaikudi', 'c406', 'st24'),
	('Karamadai', 'c407', 'st24'),
	('Karimganj', 'c408', 'st03'),
	('Karimnagar', 'c409', 'st25'),
	('Amroha', 'c41', 'st27'),
	('Karjat', 'c410', 'st15'),
	('Karkala', 'c411', 'st12'),
	('Karnal', 'c412', 'st08'),
	('Karol Bagh', 'c413', 'un07'),
	('Karur', 'c414', 'st24'),
	('Karwar', 'c415', 'st12'),
	('Kasaragod', 'c416', 'st13'),
	('Kashipur', 'c417', 'st28'),
	('KathUrban Agglomeration', 'c418', 'st10'),
	('Katihar', 'c419', 'st04'),
	('Anakapalle', 'c42', 'st01'),
	('Katni', 'c420', 'st14'),
	('Kaupa', 'c421', 'st12'),
	('Kavali', 'c422', 'st01'),
	('Kayamkulam', 'c423', 'st13'),
	('Kendrapara', 'c424', 'st20'),
	('Kendujhar', 'c425', 'st20'),
	('Kengeri', 'c426', 'st12'),
	('Kengeri Upanagara', 'c427', 'st12'),
	('Keonjhar', 'c428', 'st20'),
	('Keshod', 'c429', 'st07'),
	('Anand', 'c43', 'st07'),
	('Khair', 'c430', 'st27'),
	('Khamanon', 'c431', 'st21'),
	('Khambhat', 'c432', 'st07'),
	('Khammam', 'c433', 'st25'),
	('Khanna', 'c434', 'st21'),
	('Kharagpur', 'c435', 'st29'),
	('Kharar', 'c436', 'st21'),
	('Kheda', 'c437', 'st07'),
	('Khowai', 'c438', 'st26'),
	('Khurda', 'c439', 'st20'),
	('Anantapur', 'c44', 'st01'),
	('Kishanganj', 'c440', 'st04'),
	('Kochi', 'c441', 'st13'),
	('Kodungallur', 'c442', 'st13'),
	('Kohima', 'c443', 'st19'),
	('Kolahapur', 'c444', 'st15'),
	('Kolar', 'c445', 'st12'),
	('Kolhapur', 'c446', 'st15'),
	('Kolkata', 'c447', 'st29'),
	('Kollam', 'c448', 'st13'),
	('Kollegal', 'c449', 'st12'),
	('Anantnag', 'c45', 'st10'),
	('Kompally', 'c450', 'st01'),
	('Koparkhairane', 'c451', 'st15'),
	('Koppal', 'c452', 'st12'),
	('Koratla', 'c453', 'st25'),
	('Koratty', 'c454', 'st13'),
	('Korba', 'c455', 'st05'),
	('Kot Kapura', 'c456', 'st21'),
	('Kota', 'c457', 'st22'),
	('Kotagiri', 'c458', 'st24'),
	('Kotakpura', 'c459', 'st21'),
	('Anekal', 'c46', 'st12'),
	('Kothagudem', 'c460', 'st25'),
	('Kothanur', 'c461', 'st12'),
	('Kothapet', 'c462', 'st01'),
	('KOTTAKKAL', 'c463', 'st13'),
	('Kottayam', 'c464', 'st13'),
	('Kovilpatti', 'c465', 'st24'),
	('Kovvur', 'c466', 'st01'),
	('Koyilandy', 'c467', 'st13'),
	('Kozhicode', 'c468', 'st13'),
	('Kozhikode', 'c469', 'st13'),
	('Angamaly', 'c47', 'st13'),
	('Kozhinjampara', 'c470', 'st13'),
	('Krishna', 'c471', 'st01'),
	('Krishnagiri', 'c472', 'st24'),
	('Kukatpally', 'c473', 'st01'),
	('Kumbakonam', 'c474', 'st24'),
	('Kumta', 'c475', 'st12'),
	('Kundapur', 'c476', 'st12'),
	('Kunigal', 'c477', 'st12'),
	('Kunnamkulam', 'c478', 'st13'),
	('Kunpur', 'c479', 'st27'),
	('Angul', 'c48', 'st20'),
	('Kuppam', 'c480', 'st01'),
	('Kurnool', 'c481', 'st01'),
	('Kurukshetra', 'c482', 'st08'),
	('Kutch', 'c483', 'st07'),
	('Kuzhithurai', 'c484', 'st24'),
	('Kyathampalle', 'c485', 'st25'),
	('Lachhmangarh', 'c486', 'st22'),
	('Ladnu', 'c487', 'st22'),
	('Ladwa', 'c488', 'st08'),
	('Lahar', 'c489', 'st14'),
	('Anjangaon', 'c49', 'st15'),
	('Laharpur', 'c490', 'st27'),
	('Lakheri', 'c491', 'st22'),
	('Lakhimpur', 'c492', 'st27'),
	('Lakhisarai', 'c493', 'st04'),
	('Lakshmeshwar', 'c494', 'st12'),
	('Lal Gopalganj Nindaura', 'c495', 'st27'),
	('Lalganj', 'c496', 'st04'),
	('Lalgudi', 'c497', 'st24'),
	('Lalitpur', 'c498', 'st27'),
	('Lalsot', 'c499', 'st22'),
	('Adityapur', 'c5', 'st11'),
	('Anjar', 'c50', 'st07'),
	('Lanka', 'c500', 'st03'),
	('Lar', 'c501', 'st27'),
	('Laskar', 'c502', 'st14'),
	('Lathi', 'c503', 'st07'),
	('Latur', 'c504', 'st15'),
	('Lilong', 'c505', 'st16'),
	('Limbdi', 'c506', 'st07'),
	('Lingsugur', 'c507', 'st12'),
	('Loha', 'c508', 'st15'),
	('Lohardaga', 'c509', 'st11'),
	('Ankleshwar', 'c51', 'st07'),
	('Lonar', 'c510', 'st15'),
	('Lonavla', 'c511', 'st15'),
	('Longowal', 'c512', 'st21'),
	('Loni', 'c513', 'st27'),
	('Losal', 'c514', 'st22'),
	('Lucknow', 'c515', 'st27'),
	('Ludhiana', 'c516', 'st21'),
	('Lumding', 'c517', 'st03'),
	('Lunawada', 'c518', 'st07'),
	('Lunglei', 'c519', 'st18'),
	('Ankola', 'c52', 'st12'),
	('Macherla', 'c520', 'st01'),
	('Machilipatnam', 'c521', 'st01'),
	('Machlipatanam', 'c522', 'st01'),
	('Madanapalle', 'c523', 'st01'),
	('Madanayakanahalli', 'c524', 'st12'),
	('Maddur', 'c525', 'st12'),
	('Madhepura', 'c526', 'st04'),
	('Madhubani', 'c527', 'st04'),
	('Madhugiri', 'c528', 'st12'),
	('Madhupur', 'c529', 'st11'),
	('Arakkonam', 'c53', 'st24'),
	('Madhurantha', 'c530', 'st24'),
	('Madikeri', 'c531', 'st12'),
	('Madurai', 'c532', 'st24'),
	('Magadi', 'c533', 'st12'),
	('Mahad', 'c534', 'st15'),
	('Mahalingapura', 'c535', 'st12'),
	('Maharajganj', 'c536', 'st04'),
	('Maharajpur', 'c537', 'st14'),
	('Mahasamund', 'c538', 'st05'),
	('Mahbubnagar', 'c539', 'st25'),
	('Arambagh', 'c54', 'st29'),
	('Mahe', 'c540', 'un06'),
	('Mahemdabad', 'c541', 'st07'),
	('Mahendragarh', 'c542', 'st08'),
	('Mahesana', 'c543', 'st07'),
	('Mahidpur', 'c544', 'st14'),
	('MAHINDERGARH', 'c545', 'st08'),
	('Mahnar Bazar', 'c546', 'st04'),
	('Mahuva', 'c547', 'st07'),
	('Maihar', 'c548', 'st14'),
	('Mainaguri', 'c549', 'st29'),
	('Aranthangi', 'c55', 'st24'),
	('Makhdumpur', 'c550', 'st04'),
	('Makrana', 'c551', 'st22'),
	('Malaj Khand', 'c552', 'st14'),
	('Malakpet', 'c553', 'st01'),
	('Malappuram', 'c554', 'st13'),
	('Malapuram', 'c555', 'st13'),
	('Malavalli', 'c556', 'st12'),
	('Malda', 'c557', 'st29'),
	('Malegaon', 'c558', 'st15'),
	('Malerkotla', 'c559', 'st21'),
	('Arapalayam', 'c56', 'st24'),
	('Malkangiri', 'c560', 'st20'),
	('Malkapur', 'c561', 'st15'),
	('Malout', 'c562', 'st21'),
	('Malpura', 'c563', 'st22'),
	('Malur', 'c564', 'st12'),
	('Manachanallur', 'c565', 'st24'),
	('Manasa', 'c566', 'st14'),
	('Manavadar', 'c567', 'st07'),
	('Manawar', 'c568', 'st14'),
	('Mancherial', 'c569', 'st25'),
	('Araria', 'c57', 'st04'),
	('Mandalgarh', 'c570', 'st22'),
	('Mandamarri', 'c571', 'st25'),
	('Mandapeta', 'c572', 'st01'),
	('Mandawa', 'c573', 'st22'),
	('Mandi', 'c574', 'st09'),
	('Mandi Dabwali', 'c575', 'st08'),
	('Mandideep', 'c576', 'st14'),
	('Mandla', 'c577', 'st14'),
	('Mandsaur', 'c578', 'st14'),
	('Mandvi', 'c579', 'st07'),
	('Arrah', 'c58', 'st04'),
	('Mandya', 'c580', 'st12'),
	('Manendragarh', 'c581', 'st05'),
	('Maner', 'c582', 'st04'),
	('Mangaldoi', 'c583', 'st03'),
	('Mangalore', 'c584', 'st12'),
	('Mangaluru', 'c585', 'st12'),
	('Mangalvedhe', 'c586', 'st15'),
	('Mangalwari', 'c587', 'st15'),
	('Manglaur', 'c588', 'st28'),
	('Mangrol', 'c589', 'st07'),
	('Arsikere', 'c59', 'st12'),
	('Mangrulpir', 'c590', 'st15'),
	('Manihari', 'c591', 'st04'),
	('Manipal', 'c592', 'st12'),
	('Manjeri', 'c593', 'st13'),
	('Manjlegaon', 'c594', 'st15'),
	('Mankachar', 'c595', 'st03'),
	('Manmad', 'c596', 'st15'),
	('Mansa', 'c597', 'st07'),
	('Manuguru', 'c598', 'st25'),
	('Manvi', 'c599', 'st12'),
	('Adoni', 'c6', 'st01'),
	('Aruppukkottai', 'c60', 'st24'),
	('Manwath', 'c600', 'st15'),
	('Mapusa', 'c601', 'st06'),
	('Margao', 'c602', 'st06'),
	('Margherita', 'c603', 'st03'),
	('Marhaura', 'c604', 'st04'),
	('Mariani', 'c605', 'st03'),
	('Marigaon', 'c606', 'st03'),
	('Markapur', 'c607', 'st01'),
	('Marmagao', 'c608', 'st06'),
	('Masaurhi', 'c609', 'st04'),
	('Aruppukottai', 'c61', 'st24'),
	('Mathabhanga', 'c610', 'st29'),
	('Mathura', 'c611', 'st27'),
	('Mattannur', 'c612', 'st13'),
	('Mauganj', 'c613', 'st14'),
	('Mavelikara', 'c614', 'st13'),
	('Mavelikkara', 'c615', 'st13'),
	('Mavoor', 'c616', 'st13'),
	('Mayanahalli', 'c617', 'st12'),
	('Mayang Imphal', 'c618', 'st16'),
	('Mchilipatnam', 'c619', 'st01'),
	('Arvi', 'c62', 'st15'),
	('Medak', 'c620', 'st25'),
	('Medininagar (Daltonganj)', 'c621', 'st11'),
	('Medinipur', 'c622', 'st29'),
	('Meerut', 'c623', 'st27'),
	('Mehkar', 'c624', 'st15'),
	('Mehsana', 'c625', 'st07'),
	('Memari', 'c626', 'st29'),
	('Merta City', 'c627', 'st22'),
	('Mettupalayam', 'c628', 'st24'),
	('Mhaswad', 'c629', 'st15'),
	('Arwal', 'c63', 'st04'),
	('Mhow Cantonment', 'c630', 'st14'),
	('Mhowgaon', 'c631', 'st14'),
	('Midnapur', 'c632', 'st29'),
	('Mihijam', 'c633', 'st11'),
	('Mira Road', 'c634', 'st15'),
	('Mira-Bhayandar', 'c635', 'st15'),
	('Miraj', 'c636', 'st15'),
	('Mirganj', 'c637', 'st04'),
	('Miryalaguda', 'c638', 'st25'),
	('Modasa', 'c639', 'st07'),
	('Asansol', 'c64', 'st29'),
	('Model Town', 'c640', 'st08'),
	('Modinagar', 'c641', 'st27'),
	('Moga', 'c642', 'st21'),
	('Mohali', 'c643', 'st21'),
	('Mokameh', 'c644', 'st04'),
	('Mokokchung', 'c645', 'st19'),
	('Monoharpur', 'c646', 'st29'),
	('Moradabad', 'c647', 'st27'),
	('Morena', 'c648', 'st14'),
	('MorindaIndia', 'c649', 'st21'),
	('Asarganj', 'c65', 'st04'),
	('Morshi', 'c650', 'st15'),
	('Morvi', 'c651', 'st07'),
	('Motihari', 'c652', 'st04'),
	('Motipur', 'c653', 'st04'),
	('Mount Abu', 'c654', 'st22'),
	('Mudabidri', 'c655', 'st12'),
	('Mudalagi', 'c656', 'st12'),
	('Muddebihal', 'c657', 'st12'),
	('Mudhol', 'c658', 'st12'),
	('Mukerian', 'c659', 'st21'),
	('Ashok Nagar', 'c66', 'st14'),
	('Mukhed', 'c660', 'st15'),
	('Muktsar', 'c661', 'st21'),
	('Mul', 'c662', 'st15'),
	('Mulbagal', 'c663', 'st12'),
	('Multai', 'c664', 'st14'),
	('Mumbai', 'c665', 'st15'),
	('Mundargi', 'c666', 'st12'),
	('Mundi', 'c667', 'st14'),
	('Mungeli', 'c668', 'st05'),
	('Munger', 'c669', 'st04'),
	('Athni', 'c67', 'st12'),
	('Murliganj', 'c670', 'st04'),
	('Murshidabad', 'c671', 'st29'),
	('Murtijapur', 'c672', 'st15'),
	('Murudeshwar', 'c673', 'st12'),
	('Murwara (Katni)', 'c674', 'st14'),
	('Musabani', 'c675', 'st11'),
	('Mussoorie', 'c676', 'st28'),
	('Muvattupuzha', 'c677', 'st13'),
	('Muzafarpur', 'c678', 'st04'),
	('Muzaffarpur', 'c679', 'st04'),
	('Attingal', 'c68', 'st13'),
	('Mysore', 'c680', 'st12'),
	('Nabadwip', 'c681', 'st29'),
	('Nabarangapur', 'c682', 'st20'),
	('Nabha', 'c683', 'st21'),
	('Nadbai', 'c684', 'st22'),
	('Nadiad', 'c685', 'st07'),
	('Nadyal', 'c686', 'st01'),
	('Nagaon', 'c687', 'st03'),
	('Nagapattanam', 'c688', 'st24'),
	('Nagapattinam', 'c689', 'st24'),
	('Aurangabad', 'c69', 'st04'),
	('Nagar', 'c690', 'st22'),
	('Nagari', 'c691', 'st01'),
	('Nagarkurnool', 'c692', 'st25'),
	('Nagaur', 'c693', 'st22'),
	('Nagda', 'c694', 'st14'),
	('Nagercoil', 'c695', 'st24'),
	('Nagina', 'c696', 'st27'),
	('Nagla', 'c697', 'st28'),
	('Nagpur', 'c698', 'st15'),
	('Nahan', 'c699', 'st09'),
	('Adoor', 'c7', 'st13'),
	('Azamgarh', 'c70', 'st27'),
	('Naharlagun', 'c700', 'st02'),
	('Naidupet', 'c701', 'st01'),
	('Naihati', 'c702', 'st29'),
	('Naila Janjgir', 'c703', 'st05'),
	('Nainital', 'c704', 'st28'),
	('Nainpur', 'c705', 'st14'),
	('Najibabad', 'c706', 'st27'),
	('Nakodar', 'c707', 'st21'),
	('Nakur', 'c708', 'st27'),
	('Nalasopara', 'c709', 'st15'),
	('Badlapur', 'c71', 'st15'),
	('Nalbari', 'c710', 'st03'),
	('Nalgonda', 'c711', 'st01'),
	('Namagiripettai', 'c712', 'st24'),
	('Namakkal', 'c713', 'st24'),
	('Nanded', 'c714', 'st15'),
	('Nanded-Waghala', 'c715', 'st15'),
	('Nandgaon', 'c716', 'st15'),
	('Nandivaram-Guduvancheri', 'c717', 'st24'),
	('Nandura', 'c718', 'st15'),
	('Nandurbar', 'c719', 'st15'),
	('Bagaha', 'c72', 'st04'),
	('Nandyal', 'c720', 'st01'),
	('Nangal', 'c721', 'st21'),
	('Nanganallur', 'c722', 'st24'),
	('Nanjangud', 'c723', 'st12'),
	('Nanjikottai', 'c724', 'st24'),
	('Nanpara', 'c725', 'st27'),
	('Narasapuram', 'c726', 'st01'),
	('Narasaraopet', 'c727', 'st01'),
	('Naraura', 'c728', 'st27'),
	('Narayanguda', 'c729', 'st01'),
	('Bagalkot', 'c73', 'st12'),
	('Narayanpet', 'c730', 'st25'),
	('Nargund', 'c731', 'st12'),
	('Narkatiaganj', 'c732', 'st04'),
	('Narkhed', 'c733', 'st15'),
	('Narnaul', 'c734', 'st08'),
	('Narsinghgarh', 'c735', 'st14'),
	('Narsipatnam', 'c736', 'st01'),
	('Narwana', 'c737', 'st08'),
	('Nashik', 'c738', 'st15'),
	('Nasirabad', 'c739', 'st22'),
	('Bageshwar', 'c74', 'st28'),
	('Natham', 'c740', 'st24'),
	('Nathdwara', 'c741', 'st22'),
	('Naugachhia', 'c742', 'st04'),
	('Naugawan Sadat', 'c743', 'st27'),
	('Nautanwa', 'c744', 'st27'),
	('Navalgund', 'c745', 'st12'),
	('Navi Mumbai', 'c746', 'st15'),
	('Navsari', 'c747', 'st07'),
	('Nawabganj', 'c748', 'st27'),
	('Nawada', 'c749', 'st04'),
	('Baghpet', 'c75', 'st27'),
	('Nawanshahr', 'c750', 'st21'),
	('Nawapur', 'c751', 'st15'),
	('Nedumangad', 'c752', 'st13'),
	('Neem-Ka-Thana', 'c753', 'st22'),
	('Neemuch', 'c754', 'st14'),
	('Nehtaur', 'c755', 'st27'),
	('Nelamangala', 'c756', 'st12'),
	('Nellikuppam', 'c757', 'st24'),
	('Nellore', 'c758', 'st01'),
	('Nepanagar', 'c759', 'st14'),
	('Bahadurgarh', 'c76', 'st08'),
	('Nerul', 'c760', 'st15'),
	('New Delhi', 'c761', 'un07'),
	('New Raipura', 'c762', 'st01'),
	('Neyveli', 'c763', 'st24'),
	('Neyveli (TS)', 'c764', 'st24'),
	('Neyyattinkara', 'c765', 'st13'),
	('Nidadavole', 'c766', 'st01'),
	('Nilambur', 'c767', 'st13'),
	('Nilanga', 'c768', 'st15'),
	('Nilgiris', 'c769', 'st24'),
	('Baharampur', 'c77', 'st29'),
	('Nimbahera', 'c770', 'st22'),
	('Nipani', 'c771', 'st12'),
	('Nirmal', 'c772', 'st25'),
	('Niwai', 'c773', 'st27'),
	('Niwari', 'c774', 'st14'),
	('Nizamabad', 'c775', 'st25'),
	('Nohar', 'c776', 'st22'),
	('Noida', 'c777', 'st27'),
	('Noipani', 'c778', 'st12'),
	('Nokha', 'c779', 'st04'),
	('Bahraich', 'c78', 'st27'),
	('Nongstoin', 'c780', 'st17'),
	('Noorpur', 'c781', 'st27'),
	('North Lakhimpur', 'c782', 'st03'),
	('North24Paraganas', 'c783', 'st29'),
	('Nowgong', 'c784', 'st14'),
	('Nowrozabad (Khodargama)', 'c785', 'st14'),
	('Nuzvid', 'c786', 'st01'),
	('O  Valley', 'c787', 'st24'),
	('Obra', 'c788', 'st27'),
	('Oddanchatram', 'c789', 'st24'),
	('Balaghat', 'c79', 'st14'),
	('Ongole', 'c790', 'st01'),
	('Ooty', 'c791', 'st24'),
	('Orai', 'c792', 'st27'),
	('Osmanabad', 'c793', 'st15'),
	('Osmanpura', 'c794', 'st15'),
	('Ottappalam', 'c795', 'st13'),
	('Ozar', 'c796', 'st15'),
	('P.N.Patti', 'c797', 'st24'),
	('Pachora', 'c798', 'st15'),
	('Pachore', 'c799', 'st14'),
	('Adra', 'c8', 'st29'),
	('Balangir', 'c80', 'st20'),
	('Pacode', 'c800', 'st24'),
	('Padmanabhapuram', 'c801', 'st24'),
	('Padra', 'c802', 'st07'),
	('Padrauna', 'c803', 'st27'),
	('Paithan', 'c804', 'st15'),
	('Pakaur', 'c805', 'st11'),
	('Palacole', 'c806', 'st01'),
	('Palai', 'c807', 'st13'),
	('Palakkad', 'c808', 'st13'),
	('Palampur', 'c809', 'st09'),
	('Balasore', 'c81', 'st20'),
	('Palani', 'c810', 'st24'),
	('Palanpur', 'c811', 'st07'),
	('Palasa Kasibugga', 'c812', 'st01'),
	('Palghar', 'c813', 'st15'),
	('Pali', 'c814', 'st14'),
	('Palia Kalan', 'c815', 'st27'),
	('Palitana', 'c816', 'st07'),
	('Palladam', 'c817', 'st24'),
	('Pallapatti', 'c818', 'st24'),
	('Pallikonda', 'c819', 'st24'),
	('Baleshwar Town', 'c82', 'st20'),
	('Palwal', 'c820', 'st08'),
	('Palwancha', 'c821', 'st25'),
	('Panagar', 'c822', 'st14'),
	('Panagudi', 'c823', 'st24'),
	('Panaji', 'c824', 'st06'),
	('Panamattom', 'c825', 'st13'),
	('Panchkula', 'c826', 'st08'),
	('Panchla', 'c827', 'st29'),
	('Pandharkaoda', 'c828', 'st15'),
	('Pandharpur', 'c829', 'st15'),
	('Ballabgarh', 'c83', 'st08'),
	('Pandhurna', 'c830', 'st14'),
	('PandUrban Agglomeration', 'c831', 'st29'),
	('Panipat', 'c832', 'st08'),
	('Panjim', 'c833', 'st06'),
	('Panna', 'c834', 'st14'),
	('Panniyannur', 'c835', 'st13'),
	('Panruti', 'c836', 'st24'),
	('Panvel', 'c837', 'st15'),
	('Pappinisseri', 'c838', 'st13'),
	('Paradip', 'c839', 'st20'),
	('Ballari', 'c84', 'st12'),
	('Paramakudi', 'c840', 'st24'),
	('Parangipettai', 'c841', 'st24'),
	('Parasi', 'c842', 'st27'),
	('Paravoor', 'c843', 'st13'),
	('Parbhani', 'c844', 'st15'),
	('Pardi', 'c845', 'st07'),
	('Parlakhemundi', 'c846', 'st20'),
	('Parli', 'c847', 'st15'),
	('Partur', 'c848', 'st15'),
	('Parvathipuram', 'c849', 'st01'),
	('Balurghat', 'c85', 'st29'),
	('Pasan', 'c850', 'st14'),
	('Paschim Punropara', 'c851', 'st29'),
	('Pasighat', 'c852', 'st02'),
	('Patan', 'c853', 'st07'),
	('Pathanamthitta', 'c854', 'st13'),
	('Pathankot', 'c855', 'st21'),
	('Pathardi', 'c856', 'st15'),
	('Pathri', 'c857', 'st15'),
	('Patiala', 'c858', 'st21'),
	('Patna', 'c859', 'st04'),
	('Bangalore', 'c86', 'st12'),
	('Patratu', 'c860', 'st11'),
	('Pattambi', 'c861', 'st13'),
	('Pattamundai', 'c862', 'st20'),
	('Patti', 'c863', 'st21'),
	('Pattran', 'c864', 'st21'),
	('Pattukkottai', 'c865', 'st24'),
	('Patur', 'c866', 'st15'),
	('Pauni', 'c867', 'st15'),
	('Pauri', 'c868', 'st28'),
	('Pavagada', 'c869', 'st12'),
	('Bangarpet', 'c87', 'st12'),
	('Pedana', 'c870', 'st01'),
	('Peddapuram', 'c871', 'st01'),
	('Pehowa', 'c872', 'st08'),
	('Pen', 'c873', 'st15'),
	('Perambalur', 'c874', 'st24'),
	('Peravurani', 'c875', 'st24'),
	('Peringathur', 'c876', 'st13'),
	('Perinthalmanna', 'c877', 'st13'),
	('Periyakulam', 'c878', 'st24'),
	('Periyasemur', 'c879', 'st24'),
	('Bankura', 'c88', 'st29'),
	('Pernampattu', 'c880', 'st24'),
	('Perumbavoor', 'c881', 'st13'),
	('Petlad', 'c882', 'st07'),
	('Phagwara', 'c883', 'st21'),
	('Phalodi', 'c884', 'st22'),
	('Phaltan', 'c885', 'st15'),
	('Phillaur', 'c886', 'st21'),
	('Phulabani', 'c887', 'st20'),
	('Phulera', 'c888', 'st22'),
	('Phulpur', 'c889', 'st27'),
	('Bantwal', 'c89', 'st12'),
	('Phusro', 'c890', 'st11'),
	('Pihani', 'c891', 'st27'),
	('Pilani', 'c892', 'st22'),
	('Pilibanga', 'c893', 'st22'),
	('Pilibhit', 'c894', 'st27'),
	('Pilkhuwa', 'c895', 'st27'),
	('Pindwara', 'c896', 'st22'),
	('Pinjore', 'c897', 'st08'),
	('Pipar City', 'c898', 'st22'),
	('Pipariya', 'c899', 'st14'),
	('Adyar', 'c9', 'st12'),
	('Bapatla', 'c90', 'st01'),
	('Piriyapatna', 'c900', 'st12'),
	('Piro', 'c901', 'st04'),
	('Pithampur', 'c902', 'st14'),
	('Pithapuram', 'c903', 'st01'),
	('Pithoragarh', 'c904', 'st28'),
	('Pollachi', 'c905', 'st24'),
	('Polur', 'c906', 'st24'),
	('Ponda', 'c907', 'st06'),
	('Pondicherry', 'c908', 'un06'),
	('Ponnani', 'c909', 'st13'),
	('Baramati', 'c91', 'st15'),
	('Ponneri', 'c910', 'st24'),
	('Ponnur', 'c911', 'st01'),
	('Porbandar', 'c912', 'st07'),
	('Porsa', 'c913', 'st14'),
	('Port Blair', 'c914', 'un01'),
	('Powayan', 'c915', 'st27'),
	('Prakasam', 'c916', 'st01'),
	('Prantij', 'c917', 'st22'),
	('Pratapgarh', 'c918', 'st22'),
	('Preet Vihar', 'c919', 'un07'),
	('Baramula', 'c92', 'st10'),
	('Prithvipur', 'c920', 'st14'),
	('Proddatur', 'c921', 'st01'),
	('Pudukkottai', 'c922', 'st24'),
	('Pudupattinam', 'c923', 'st24'),
	('Pukhrayan', 'c924', 'st27'),
	('Pulgaon', 'c925', 'st15'),
	('Puliyankudi', 'c926', 'st24'),
	('Punalur', 'c927', 'st13'),
	('Punch', 'c928', 'st10'),
	('Pune', 'c929', 'st15'),
	('Barasat', 'c93', 'st29'),
	('Punganur', 'c930', 'st01'),
	('Punjaipugalur', 'c931', 'st24'),
	('Puranpur', 'c932', 'st27'),
	('Puri', 'c933', 'st20'),
	('Purna', 'c934', 'st15'),
	('Purnia', 'c935', 'st04'),
	('PurqUrban Agglomerationzi', 'c936', 'st27'),
	('Purulia', 'c937', 'st29'),
	('Purwa', 'c938', 'st27'),
	('Pusad', 'c939', 'st15'),
	('Barbil', 'c94', 'st20'),
	('Puthuppally', 'c940', 'st13'),
	('Puttur', 'c941', 'st01'),
	('Qadian', 'c942', 'st21'),
	('Raayachuru', 'c943', 'st12'),
	('Rabkavi Banhatti', 'c944', 'st12'),
	('Radhanpur', 'c945', 'st07'),
	('Rae Bareli', 'c946', 'st27'),
	('Rafiganj', 'c947', 'st04'),
	('Raghogarh-Vijaypur', 'c948', 'st14'),
	('Raghunathganj', 'c949', 'st29'),
	('Bardez', 'c95', 'st06'),
	('Raghunathpur', 'c950', 'st29'),
	('Rahatgarh', 'c951', 'st14'),
	('Rahuri', 'c952', 'st15'),
	('Raibareily', 'c953', 'st27'),
	('Raichur', 'c954', 'st12'),
	('Raigad', 'c955', 'st15'),
	('Raiganj', 'c956', 'st29'),
	('Raigarh', 'c957', 'st05'),
	('Raikot', 'c958', 'st21'),
	('Raipur', 'c959', 'st05'),
	('Bardoli', 'c96', 'st07'),
	('Rairangpur', 'c960', 'st20'),
	('Raisen', 'c961', 'st14'),
	('Raisinghnagar', 'c962', 'st22'),
	('Rajagangapur', 'c963', 'st20'),
	('Rajahmundry', 'c964', 'st01'),
	('Rajakhera', 'c965', 'st22'),
	('Rajaldesar', 'c966', 'st22'),
	('Rajam', 'c967', 'st01'),
	('Rajampet', 'c968', 'st01'),
	('Rajamundry', 'c969', 'st01'),
	('Bareilly', 'c97', 'st27'),
	('Rajapalayam', 'c970', 'st24'),
	('Rajauri', 'c971', 'st10'),
	('Rajgarh', 'c972', 'st14'),
	('Rajgarh (Alwar)', 'c973', 'st22'),
	('Rajgarh (Churu)', 'c974', 'st22'),
	('Rajgat', 'c975', 'st15'),
	('Rajgir', 'c976', 'st04'),
	('Rajkot', 'c977', 'st07'),
	('Rajnandgaon', 'c978', 'st05'),
	('Rajpipla', 'c979', 'st07'),
	('Bargarh', 'c98', 'st20'),
	('Rajpura', 'c980', 'st21'),
	('Rajsamand', 'c981', 'st22'),
	('Rajula', 'c982', 'st07'),
	('Rajura', 'c983', 'st15'),
	('Ramachandrapuram', 'c984', 'st01'),
	('Ramagundam', 'c985', 'st25'),
	('Ramanagaram', 'c986', 'st12'),
	('Ramanathapuram', 'c987', 'st24'),
	('Ramdurg', 'c988', 'st12'),
	('Rameshwaram', 'c989', 'st24'),
	('Barh', 'c99', 'st04'),
	('Ramganj Mandi', 'c990', 'st22'),
	('Ramgarh', 'c991', 'st11'),
	('Ramnagar', 'c992', 'st04'),
	('Ramngarh', 'c993', 'st22'),
	('Rampur', 'c994', 'st27'),
	('Rampur Maniharan', 'c995', 'st27'),
	('Rampura Phul', 'c996', 'st21'),
	('Rampurhat', 'c997', 'st29'),
	('Ramtek', 'c998', 'st15'),
	('Ranaghat', 'c999', 'st29');
/*!40000 ALTER TABLE `citymaster` ENABLE KEYS */;

-- Dumping structure for table healthinsurance.featuresstaticmaster
CREATE TABLE IF NOT EXISTS `featuresstaticmaster` (
  `Feature ID` varchar(50) NOT NULL,
  `Feature Description` varchar(50) DEFAULT NULL,
  `Feature Group` varchar(50) DEFAULT NULL,
  `Feature Type` varchar(50) DEFAULT NULL,
  PRIMARY KEY (`Feature ID`)
) ENGINE=InnoDB DEFAULT CHARSET=latin1;

-- Dumping data for table healthinsurance.featuresstaticmaster: ~5 rows (approximately)
/*!40000 ALTER TABLE `featuresstaticmaster` DISABLE KEYS */;
INSERT INTO `featuresstaticmaster` (`Feature ID`, `Feature Description`, `Feature Group`, `Feature Type`) VALUES
	('AD', 'Accidental Death [AD] -', '-', '-'),
	('AHC', 'Accident Hospital Cash', '-', '-'),
	('AIC', 'Accident ICU Cash', '-', '-'),
	('AME', 'Accident Medical Expenses', '-', '-'),
	('AT', 'Alternative Treatments:', '-', '-');
/*!40000 ALTER TABLE `featuresstaticmaster` ENABLE KEYS */;

-- Dumping structure for table healthinsurance.hospitalsnetwork
CREATE TABLE IF NOT EXISTS `hospitalsnetwork` (
  `CompanyID` varchar(50) NOT NULL,
  `Hospital Id` varchar(50) NOT NULL,
  `Hospital Name` longtext,
  `Address` longtext,
  `citycode` varchar(50) DEFAULT NULL,
  `statecode` varchar(50) DEFAULT NULL,
  `Pincode` varchar(50) DEFAULT NULL,
  `Phone No` varchar(50) DEFAULT NULL,
  `Mobile` varchar(50) DEFAULT NULL,
  `Fax` varchar(50) DEFAULT NULL,
  `Contactperson- (Desig)` varchar(50) DEFAULT NULL,
  `Email` varchar(50) DEFAULT NULL,
  `Latitude` varchar(50) DEFAULT NULL,
  `Longitude` varchar(50) DEFAULT NULL,
  PRIMARY KEY (`Hospital Id`,`CompanyID`),
  KEY `FK_hospitalsnetwork_insurancecompanies` (`CompanyID`),
  KEY `FK_hospitalsnetwork_statemaster` (`statecode`),
  KEY `FK_hospitalsnetwork_citymaster` (`citycode`),
  CONSTRAINT `FK_hospitalsnetwork_citymaster` FOREIGN KEY (`citycode`) REFERENCES `citymaster` (`citycode`),
  CONSTRAINT `FK_hospitalsnetwork_insurancecompanies` FOREIGN KEY (`CompanyID`) REFERENCES `insurancecompanies` (`CompanyID`),
  CONSTRAINT `FK_hospitalsnetwork_statemaster` FOREIGN KEY (`statecode`) REFERENCES `statemaster` (`statecode`)
) ENGINE=InnoDB DEFAULT CHARSET=latin1;

-- Dumping data for table healthinsurance.hospitalsnetwork: ~10 rows (approximately)
/*!40000 ALTER TABLE `hospitalsnetwork` DISABLE KEYS */;
INSERT INTO `hospitalsnetwork` (`CompanyID`, `Hospital Id`, `Hospital Name`, `Address`, `citycode`, `statecode`, `Pincode`, `Phone No`, `Mobile`, `Fax`, `Contactperson- (Desig)`, `Email`, `Latitude`, `Longitude`) VALUES
	('C1', 'H1', 'A. G. PADMAVATIS HOSPITAL ', ' Pondicherry', 'c908', 'un06', '605 110', '2295500 / 2292229', '-', '2291144', '-', 'agphospital@bsnl.in', '-', '-'),
	('C2', 'H1', 'A. G. PADMAVATIS HOSPITAL  ', 'Pondicherry', 'c908', 'un06', '605 110', '2295500 / 2292229', '-', '2291144', '-', 'agphospital@bsnl.in', '-', '-'),
	('C1', 'H2', 'ASTER AADHAR HOSPITAL ', 'Kolhapur', 'c446', 'st15', '416012', '2645840 / 47 / 3301359', '-', '2640817', '-', 'info@asteraadhar.com', '-', '-'),
	('C2', 'H2', 'ASTER AADHAR HOSPITAL ', 'Kolhapur', 'c446', 'st15', '416012', '2645840 / 47 / 3301359', '-', '2640817', '-', 'info@asteraadhar.com', '-', '-'),
	('C3', 'H2', 'ASTER AADHAR HOSPITAL ', 'Kolhapur', 'c446', 'st15', '416012', '2645840 / 47 / 3301359', '-', '2640817', '-', 'info@asteraadhar.com', '-', '-'),
	('C1', 'H3', 'ABDUR RAZZAQUE ANSARI MEMORIAL WEAVERS HOSPITAL', 'P.O Irba', 'c1002', 'st11', '835238', '2275717 / 2275899 ', '-', '3041601', '-', 'marketing_apolloranchi@yahoo.com', '-', '-'),
	('C3', 'H3', 'ABDUR RAZZAQUE ANSARI MEMORIAL WEAVERS HOSPITAL', 'P.O Irba', 'c1002', 'st11', '835238', '2275717 / 2275899 ', '-', '3041601', '-', 'marketing_apolloranchi@yahoo.com', '-', '-'),
	('C1', 'H4', 'ADITYA HOSPITAL ', 'Bangalore', 'c86', 'st12', '500001', '39111333 / 24754153 ', '-', '55785408', '-', 'info@adityahospital.com', '-', '-'),
	('C2', 'H4', 'ADITYA HOSPITAL ', 'Bangalore', 'c86', 'st12', '500001', '39111333 / 24754153 ', '-', '55785408', '-', 'info@adityahospital.com', '-', '-'),
	('C2', 'H5', 'AKSHAY MEDICAL FOUNDATION ', 'pune', 'c929', 'st15', '410401', '273007 / 8735 / 9890015699', '-', '270912', '-', 'akshaymedico@gmail.com', '-', '-');
/*!40000 ALTER TABLE `hospitalsnetwork` ENABLE KEYS */;

-- Dumping structure for table healthinsurance.insertinfo
CREATE TABLE IF NOT EXISTS `insertinfo` (
  `name` varchar(50) DEFAULT NULL,
  `email` varchar(50) NOT NULL,
  `phonenumber` bigint(20) DEFAULT NULL,
  `password` varchar(50) DEFAULT NULL,
  `age` int(11) DEFAULT NULL,
  `city` varchar(50) DEFAULT NULL,
  `income` int(11) DEFAULT NULL,
  `medicalcondition` varchar(50) DEFAULT NULL,
  PRIMARY KEY (`email`)
) ENGINE=MyISAM DEFAULT CHARSET=latin1;

-- Dumping data for table healthinsurance.insertinfo: 3 rows
/*!40000 ALTER TABLE `insertinfo` DISABLE KEYS */;
INSERT INTO `insertinfo` (`name`, `email`, `phonenumber`, `password`, `age`, `city`, `income`, `medicalcondition`) VALUES
	('lavanya', 'lavanyareddy99@gmail.com', 9036751940, 'abc', NULL, NULL, NULL, NULL),
	('', '', 9036745678, '123', NULL, NULL, NULL, NULL),
	('lavanya', 'reddy@gmail.com', 9087656789, '123', NULL, NULL, NULL, NULL);
/*!40000 ALTER TABLE `insertinfo` ENABLE KEYS */;

-- Dumping structure for table healthinsurance.insurancecompanies
CREATE TABLE IF NOT EXISTS `insurancecompanies` (
  `CompanyID` varchar(50) NOT NULL,
  `Company_Name` longtext,
  `Business_Type` text,
  `Incorp_Type` text,
  `Incorp_Year` int(11) DEFAULT NULL,
  `Incorp_State` varchar(50) DEFAULT NULL,
  `Incorp_Date` varchar(50) DEFAULT NULL,
  `Website` text,
  PRIMARY KEY (`CompanyID`)
) ENGINE=InnoDB DEFAULT CHARSET=latin1;

-- Dumping data for table healthinsurance.insurancecompanies: ~3 rows (approximately)
/*!40000 ALTER TABLE `insurancecompanies` DISABLE KEYS */;
INSERT INTO `insurancecompanies` (`CompanyID`, `Company_Name`, `Business_Type`, `Incorp_Type`, `Incorp_Year`, `Incorp_State`, `Incorp_Date`, `Website`) VALUES
	('C1', 'Agriculture Insurance Co. of India Ltd.', 'General', 'Private', 2002, 'Delhi', '-', 'www.aicofindia.com'),
	('C2', 'Apollo Munich Health Insurance Co. Ltd.', 'Health', 'Private', 2007, 'Hyderabad', '-', 'www.apollomunichinsurance.com'),
	('C3', 'Bajaj Allianz General Insurance Co. Ltd.', 'General', 'Private', 2000, 'Pune', '-', 'www.bajajallianz.com');
/*!40000 ALTER TABLE `insurancecompanies` ENABLE KEYS */;

-- Dumping structure for table healthinsurance.productfeatures
CREATE TABLE IF NOT EXISTS `productfeatures` (
  `ProductID` varchar(50) NOT NULL,
  `FeatureID` varchar(50) NOT NULL,
  `FeatureValue` varchar(50) DEFAULT NULL,
  `Created By` varchar(50) DEFAULT NULL,
  `Created Date` varchar(50) DEFAULT NULL,
  `Last Modified By` varchar(50) DEFAULT NULL,
  `Last Modified Date` varchar(50) DEFAULT NULL,
  PRIMARY KEY (`ProductID`,`FeatureID`),
  KEY `FK_productfeatures_featuresstaticmaster` (`FeatureID`),
  CONSTRAINT `FK_productfeatures_featuresstaticmaster` FOREIGN KEY (`FeatureID`) REFERENCES `featuresstaticmaster` (`Feature ID`),
  CONSTRAINT `FK_productfeatures_products` FOREIGN KEY (`ProductID`) REFERENCES `products` (`ProductID`)
) ENGINE=InnoDB DEFAULT CHARSET=latin1;

-- Dumping data for table healthinsurance.productfeatures: ~10 rows (approximately)
/*!40000 ALTER TABLE `productfeatures` DISABLE KEYS */;
INSERT INTO `productfeatures` (`ProductID`, `FeatureID`, `FeatureValue`, `Created By`, `Created Date`, `Last Modified By`, `Last Modified Date`) VALUES
	('P1', 'AD', '7000', '-', '-', '-', '-'),
	('P1', 'AHC', '4000', '-', '-', '-', '-'),
	('P1', 'AIC', '5000', '-', '-', '-', '-'),
	('P1', 'AME', '6000', '-', '-', '-', '-'),
	('P1', 'AT', '8000', '-', '-', '-', '-'),
	('P2', 'AD', '4000', '-', '-', '-', '-'),
	('P2', 'AHC', '3000', '-', '-', '-', '-'),
	('P2', 'AIC', '6000', '-', '-', '-', '-'),
	('P2', 'AME', '9000', '-', '-', '-', '-'),
	('P2', 'AT', '1000', '-', '-', '-', '-');
/*!40000 ALTER TABLE `productfeatures` ENABLE KEYS */;

-- Dumping structure for table healthinsurance.products
CREATE TABLE IF NOT EXISTS `products` (
  `ProductID` varchar(50) NOT NULL,
  `CompanyID` varchar(50) DEFAULT NULL,
  `Product_Full_Name` longtext,
  `Product_Short_Name` varchar(50) DEFAULT NULL,
  `Target_ClientGroup` varchar(50) DEFAULT NULL,
  `Date_Launch` varchar(50) DEFAULT NULL,
  `Date_Withdrawn` varchar(50) DEFAULT NULL,
  `Active_status` varchar(50) DEFAULT NULL,
  `Weblink` longtext,
  `PolicyDocument` varchar(50) DEFAULT NULL,
  `view` varchar(50) DEFAULT NULL,
  PRIMARY KEY (`ProductID`),
  KEY `FK_products_insurancecompanies` (`CompanyID`),
  CONSTRAINT `FK_products_insurancecompanies` FOREIGN KEY (`CompanyID`) REFERENCES `insurancecompanies` (`CompanyID`)
) ENGINE=InnoDB DEFAULT CHARSET=latin1;

-- Dumping data for table healthinsurance.products: ~41 rows (approximately)
/*!40000 ALTER TABLE `products` DISABLE KEYS */;
INSERT INTO `products` (`ProductID`, `CompanyID`, `Product_Full_Name`, `Product_Short_Name`, `Target_ClientGroup`, `Date_Launch`, `Date_Withdrawn`, `Active_status`, `Weblink`, `PolicyDocument`, `view`) VALUES
	('P1', 'C3', 'Individual Health Guard Insurance', '-', 'Individual', '2000', '-', 'Yes', 'https://www.bajajallianz.com/Corp/health-insurance/health-insurance.jsp', '-', NULL),
	('P10', 'C1', 'Unified Package Insurance Scheme', '-', 'Senior Citizens', '2002', '-', 'Yes', '-', '-', NULL),
	('P11', 'C1', 'National Agricultural Insurance Scheme', '-', 'farmers', '2002', '-', 'Yes', '-', '-', NULL),
	('P12', 'C1', 'Bio - Fuel Tree / Plant Insurance ', '-', 'farmers', '2002', '-', 'Yes', '-', '-', NULL),
	('P13', 'C1', 'Cardamom Plant & Yield Insurance', '-', 'farmers', '2002', '-', 'Yes', '-', '-', NULL),
	('P14', 'C1', 'Potato Crop Insurance', '-', 'farmers', '2002', '-', 'Yes', '-', '-', NULL),
	('P15', 'C1', 'PulpWood Tree Insurance Policy', '-', 'farmers', '2002', '-', 'Yes', '-', '-', NULL),
	('P16', 'C1', 'RainFall Insurance Scheme For Coffee (RISC) - 2011', '-', 'farmers', '2002', '-', 'Yes', '-', '-', NULL),
	('P17', 'C1', 'Rubber Plantation Insurance ', '-', 'farmers', '2002', '-', 'Yes', '-', '-', NULL),
	('P18', 'C1', 'Varsha Bima / RainFall Insurance', '-', 'farmers', '2002', '-', 'Yes', '-', '-', NULL),
	('P19', 'C1', 'Weather Insurance (RABI) ', '-', 'farmers', '2002', '-', 'Yes', '-', '-', NULL),
	('P2', 'C3', 'Health Guard Family Floater Health Insurance', '-', 'Family Floater', '2000', '-', 'Yes', '-', '-', NULL),
	('P20', 'C1', 'Coconut Palm Insurance Scheme', '-', 'farmers', '2002', '-', 'Yes', '-', '-', NULL),
	('P21', 'C2', 'Day2Day care - Silver', '-', 'Individual', '2007', '-', 'Yes', '-', '-', NULL),
	('P22', 'C2', 'Dengue Care Plan - Comprehensive & Exclusive Cover for Dengue Fever', '-', 'Individual', '2007', '-', 'Yes', '-', '-', NULL),
	('P23', 'C2', 'Easy Health Individual - An affordable plan', '-', 'Individual', '2007', '-', 'Yes', '-', '-', NULL),
	('P24', 'C2', 'Energy – The Sweetest Thing for people living with Diabetes', '-', 'Individual', '2007', '-', 'Yes', '-', '-', NULL),
	('P25', 'C2', 'Maxima - Our Comprehensive Plan That Covers For The Little Illnesses Too', '-', 'Individual', '2007', '-', 'Yes', '-', '-', NULL),
	('P26', 'C2', 'Optima Cash Platinum - Daily Hospital Cash Plan', '-', 'Individual', '2007', '-', 'Yes', '-', '-', NULL),
	('P27', 'C2', 'Optima Plus - A Top Up Plan', '-', 'Individual', '2007', '-', 'Yes', '-', '-', NULL),
	('P28', 'C2', 'Optima Restore Individual', '-', 'Individual', '2007', '-', 'Yes', '-', '-', NULL),
	('P29', 'C2', 'Optima Restore Family Floater Plan ', '-', 'Family Floater', '2007', '-', 'Yes', '-', '-', NULL),
	('P3', 'C3', 'Global Personal Guard', '-', 'Individual', '2000', '-', 'Yes', '-', '-', NULL),
	('P30', 'C2', 'Optima Super – Aggregate Top up Plan', '-', 'Individual', '2007', '-', 'Yes', '-', '-', NULL),
	('P31', 'C2', 'Optima Vital- The critical Illness Plan', '-', 'Individual', '2007', '-', 'Yes', '-', '-', NULL),
	('P32', 'C2', 'Easy Health Family Floater', '-', 'Family Floater', '2007', '-', 'Yes', '-', '-', NULL),
	('P33', 'C2', 'Optima Super Family Floater', '-', 'Family Floater', '2007', '-', 'Yes', '-', '-', NULL),
	('P34', 'C2', 'Optima Senior', '-', 'Senior Citizens', '2007', '-', 'Yes', '-', '-', NULL),
	('P35', 'C2', 'Individual Easy Travel Insurance Plan', '-', 'Individual', '2007', '-', 'Yes', '-', '-', NULL),
	('P36', 'C2', 'Family Easy Travel Insurance Plan', '-', 'Family Floater', '2007', '-', 'Yes', '-', '-', NULL),
	('P37', 'C2', 'Senior Citizen Easy Travel Insurance Plan', '-', 'Senior Citizens', '2007', '-', 'Yes', '-', '-', NULL),
	('P38', 'C2', 'Annual Multi Trip Easy Travel Insurance Plan', '-', 'Family Floater', '2007', '-', 'Yes', '-', '-', NULL),
	('P39', 'C2', 'Educare - Student Travel Insurance Plan', '-', 'Student', '2007', '-', 'Yes', '-', '-', NULL),
	('P4', 'C3', 'Silver Health Plan for Senior Citizens', '-', 'Senior Citizens', '2000', '-', 'Yes', '-', '-', NULL),
	('P40', 'C2', 'Personal Accident Premium Plan', '-', 'Individual', '2007', '-', 'Yes', '-', '-', NULL),
	('P41', 'C2', 'Personal Accident Standard Plan', '-', 'Individual', '2007', '-', 'Yes', '-', '-', NULL),
	('P5', 'C3', 'Women specific critical illness insurance', '-', 'Women', '2000', '-', 'Yes', '-', '-', 'p5'),
	('P6', 'C3', 'Personal Guard - Accident Health Insurance Policy', '-', 'Individual', '2000', '-', 'Yes', '-', '-', 'p6'),
	('P7', 'C1', 'Pradhan Mantri Fasal Bima Yojana?', '-', 'farmers', '2002', '-', 'Yes', 'http://www.aicofindia.com/AICEng/Pages/PMFBY-OPERATIONAL-GUIDELINES.aspx', '-', 'p7'),
	('P8', 'C1', 'All products Page', '-', '-', '2002', '-', 'Yes', 'http://www.aicofindia.com/AICEng/Pages/Present_Products.aspx', '-', 'p8'),
	('P9', 'C1', 'Restructured Weather Based Crop Insurance Scheme', '-', 'farmers', '2002', '-', 'Yes', '-', '-', 'p9');
/*!40000 ALTER TABLE `products` ENABLE KEYS */;

-- Dumping structure for table healthinsurance.statemaster
CREATE TABLE IF NOT EXISTS `statemaster` (
  `statename` varchar(50) DEFAULT NULL,
  `statecode` varchar(50) NOT NULL,
  PRIMARY KEY (`statecode`)
) ENGINE=InnoDB DEFAULT CHARSET=latin1;

-- Dumping data for table healthinsurance.statemaster: ~36 rows (approximately)
/*!40000 ALTER TABLE `statemaster` DISABLE KEYS */;
INSERT INTO `statemaster` (`statename`, `statecode`) VALUES
	('AndhraPradesh', 'st01'),
	('Arunachal Pradesh', 'st02'),
	('Assam', 'st03'),
	('Bihar', 'st04'),
	('Chhattisgarh', 'st05'),
	('Goa', 'st06'),
	('Gujarat', 'st07'),
	('Haryana', 'st08'),
	('Himachal Pradesh', 'st09'),
	('Jammu Kashmir', 'st10'),
	('Jharkhand', 'st11'),
	('Karnataka', 'st12'),
	('Kerala', 'st13'),
	('Madhya Pradesh', 'st14'),
	('Maharastra', 'st15'),
	('Manipur', 'st16'),
	('Meghalaya', 'st17'),
	('Mizoram', 'st18'),
	('Nagaland', 'st19'),
	('Odisha', 'st20'),
	('Punjab', 'st21'),
	('Rajasthan', 'st22'),
	('Sikkim', 'st23'),
	('TamilNadu', 'st24'),
	('Telangana', 'st25'),
	('Tripura', 'st26'),
	('Uttar Pradesh', 'st27'),
	('Uttarakhand', 'st28'),
	('West Bengal', 'st29'),
	('Andaman Nicobar', 'un01'),
	('Chandigarh', 'un02'),
	('Dadra Nagar Haveli', 'un03'),
	('Daman Diu', 'un04'),
	('Lakshadweep', 'un05'),
	('pondicherry', 'un06'),
	('Delhi', 'un07');
/*!40000 ALTER TABLE `statemaster` ENABLE KEYS */;

/*!40101 SET SQL_MODE=IFNULL(@OLD_SQL_MODE, '') */;
/*!40014 SET FOREIGN_KEY_CHECKS=IF(@OLD_FOREIGN_KEY_CHECKS IS NULL, 1, @OLD_FOREIGN_KEY_CHECKS) */;
/*!40101 SET CHARACTER_SET_CLIENT=@OLD_CHARACTER_SET_CLIENT */;
